annee,depense
2011,27636.350099550156e6
2005,18882.886691445314e6
2000,12987.594643919922e6
