annee,depense
2011,41752.950842457903e6
2005,34605.99991546094e6
2000,31074.999983505859e6
