annee,depense
2005,7666.7760639999997e6
2000,5966.3011839999999e6
2011,9382.8997120000004e6
