annee,depense
2011,131062.850158e6
2005,105711.87729728906e6
2000,90351.335558999999e6
