annee,depense
2011,14116.600742907745e6
2005,15723.113224015626e6
2000,18087.405339585937e6
