annee,depense
2005,15534.283520000001e6
2000,15647.583744e6
2011,15303.922688000001e6
