annee,depense
2005,7867.5074560000003e6
2000,9681.2825599999996e6
2011,5921.0229760000002e6
