;before;after
taxe_carbone;0.0071604601645334151;-0.0036760259785788597
cce_2015_in_2014;0.00087892168696799872;0.0029683139786368358
cce_2016_in_2014;0.0032788013872514007;0.0026838703716201375
