;before;after
taxe_carbone;0.0071603061145227758;0.0048016943053395666
cce_2015_in_2014;0.00087890277786270142;0.0001236487803950103
cce_2016_in_2014;0.0032787308471775808;0.0001236487803950103
