;avant reforme;avant redistribution;apres redistribution
logement;;0.029553350582345785;0.001354719042931646
transport;;0.018182063516745336;0.015306679757426844
joint;;0.02295720612220023;0.0037803483641049157
double;;0.04142895937131108;0.013841796950770067
