;before;after
taxe_carbone;0.025119490591708784;-0.014549621433416588
cce_2015_in_2014;0.0062225289267215864;-0.0089338576934688933
cce_2016_in_2014;0.013327268948914096;-0.0093681015993506925
