;before;after
taxe_carbone;0.007154468454084505;-0.0036729499635239321
cce_2015_in_2014;0.00087818622526098942;0.002965830160911051
cce_2016_in_2014;0.003276057760713374;0.0026816245698448819
