;before;after
taxe_carbone;0.025119490591708784;0.0016683592049905702
cce_2015_in_2014;0.0062225289267215864;-0.0060666716331883889
cce_2016_in_2014;0.013327268948914096;-0.0055363647413553116
