;before;after
taxe_carbone;0.015214199280769761;-0.0081137784349416629
cce_2015_in_2014;0.0018284071466099438;0.0018796692406505213
cce_2016_in_2014;0.0042336458842924078;0.0016380811019540969
