;before;after
rattrapage_diesel;0.037488250627116505;-0.0078242904984767644
taxe_carbone;0.035590952748672938;-0.0059078099704274918
cce_2015_in_2014;0.0056990313654165375;-0.00097786902176070839
cce_2016_in_2014;0.01025424148457648;-0.002682448187886469
