;avant reforme;avant redistribution;apres redistribution
logement;;0.029553350582345785;0.001354719042931646
transport;;0.018305861925527998;0.017087713782411442
joint;;0.02298306909493895;0.004387057726474446
double;;0.04169134550711252;0.013929462575723606
