;before;after
taxe_carbone;0.0011380924227658079;-0.00058427212999982898
cce_2015_in_2014;0.00013969690343330066;0.00047178750664784124
cce_2016_in_2014;0.00052113676060482528;0.00042657768683021031
