strate;Total energy expenditures;Housing energy expenditures;Fuel expenditures
0;3959.85352061;2283.8914327;1675.96209452
1;3207.19567096;1916.08826709;1291.10740987
2;2753.80889877;1627.17218474;1126.63671176
3;2650.28862446;1569.25118933;1081.0374366
4;2282.12860632;1506.66625308;775.462355043
