age_group_pr;Total energy expenditures;Housing energy expenditures;Fuel expenditures
1;2123.65113393;943.72556759;1179.92556748
2;3147.4108849;1619.67288135;1527.73800739
3;3450.50902597;1926.79540919;1523.71362252
4;3359.04665387;1953.43131948;1405.61533665
5;3118.38575965;2049.30002894;1069.0857341
6;2512.9358618;1962.8370332;550.098828228
