;perdant_total_cheque_officiel;perdant_fiscal_cheque_officiel
1;0.23876096875970557;0.33757994333294827
2;0.18473759489809427;0.35131576675357862
3;0.1226308509098555;0.30639314715457283
4;0.13554682127212486;0.34035464583304831
5;0.18734003011536546;0.42373341279643911
6;0.20637426077516155;0.44630804235588695
7;0.23181704636830447;0.41475772019203566
8;0.26710446734430787;0.46677726818565657
9;0.327181300509366;0.50796931054614136
10;0.40270729286195983;0.59239961877836977
