;perdant_total_cheque_officiel;perdant_fiscal_cheque_officiel
1;0.23876096875970557;0.33757994333294827
2;0.18465881293204173;0.34930592728172721
3;0.12691855981370123;0.30823366843397992
4;0.13675518650087531;0.33942856854808223
5;0.18455846152517338;0.42173064022503032
6;0.20694587878890414;0.44673891563198886
7;0.23000474402084201;0.41561473943519517
8;0.2739010278313575;0.46731408492714294
9;0.33271578904908145;0.51027429698813909
10;0.40677010441828959;0.59455920258862016
