;elas_transports;elas_housing
0;-0.27195324207579463;-0.19663990052638997
1;-0.24751964466496026;-0.2631746399373472
2;-0.3365021646372179;-0.42171994351278574
