;elas_transports;elas_housing
0;-0.27371041012929176;-0.3098412639441533
1;-0.27195324207579463;-0.19663990052638997
